dataset,network,model,training_network,evaluation_network,seed,graph_seed,opt_out,step,unfairness,retention_s0,retention_s1,retention_disparity,approval_rate_difference,average_retention_disparity
Base,Base (80/20),Baseline,Base (80/20),Base (80/20),2026,2026,True,5,0.0057303797397876277,100,99.400000000000006,0.59999999999999432,1.4144869215291789,0.25
Base,Base (80/20),Baseline,Base (80/20),Base (80/20),2026,2026,False,5,0.0018110804341147091,100,100,0,1.4000000000000012,0
Base,Base (80/20),LCF-full,Base (80/20),Base (80/20),2026,2026,True,5,0.0063441559076309328,100,83,17,0.72289156626506035,14.900000000000002
Base,Base (80/20),LCF-full,Base (80/20),Base (80/20),2026,2026,False,5,0.0003576166629791766,100,100,0,1.4000000000000012,0
Base,Base (80/20),LCF-active,Base (80/20),Base (80/20),2026,2026,True,5,0.006336680531501715,100,83.399999999999991,16.600000000000009,0.7194244604316502,14.600000000000001
Base,Base (80/20),LCF-active,Base (80/20),Base (80/20),2026,2026,False,5,0.00034956896305082807,100,100,0,1.4000000000000012,0
Base,Base (80/20),EO,Base (80/20),Base (80/20),2026,2026,True,5,0.024957689244663517,44.200000000000003,48.199999999999996,3.9999999999999929,-8.2086329584498898,3.0999999999999961
Base,Base (80/20),EO,Base (80/20),Base (80/20),2026,2026,False,5,0.00062867730444826631,100,100,0,-6.399999999999995,0
Base,Base (80/20),DP,Base (80/20),Base (80/20),2026,2026,True,5,0.035901811975734943,47.199999999999996,52.600000000000001,5.4000000000000057,-7.1953341496423295,4
Base,Base (80/20),DP,Base (80/20),Base (80/20),2026,2026,False,5,0.0011429128734443683,100,100,0,-5.9999999999999947,0
Base,Base (80/20),Baseline,Base (80/20),Base (80/20),7,7,True,5,0.0037090882419978932,99.599999999999994,98.599999999999994,1,1.8337039842941771,0.85000000000000142
Base,Base (80/20),Baseline,Base (80/20),Base (80/20),7,7,False,5,0.0017570289767590008,100,100,0,1.8000000000000016,0
Base,Base (80/20),LCF-full,Base (80/20),Base (80/20),7,7,True,5,0.0062834091186523278,100,85.399999999999991,14.600000000000009,1.4393442622950836,12.450000000000003
Base,Base (80/20),LCF-full,Base (80/20),Base (80/20),7,7,False,5,0.00035835003852846548,100,100,0,3.2000000000000028,0
Base,Base (80/20),LCF-active,Base (80/20),Base (80/20),7,7,True,5,0.0062415513992309934,100,85.399999999999991,14.600000000000009,1.4393442622950836,12.450000000000003
Base,Base (80/20),LCF-active,Base (80/20),Base (80/20),7,7,False,5,0.00031564486026769423,100,100,0,3.2000000000000028,0
Base,Base (80/20),EO,Base (80/20),Base (80/20),7,7,True,5,0.034180976767963112,42.399999999999999,47.599999999999994,5.1999999999999957,-0.091168542888853121,2.5999999999999961
Base,Base (80/20),EO,Base (80/20),Base (80/20),7,7,False,5,0.00062857895264467611,100,100,0,3.0000000000000027,0
Base,Base (80/20),DP,Base (80/20),Base (80/20),7,7,True,5,0.034480612742349204,47.199999999999996,52.200000000000003,5.0000000000000071,1.7160205208130441,2.8000000000000025
Base,Base (80/20),DP,Base (80/20),Base (80/20),7,7,False,5,0.0011426464515389423,100,100,0,1.9999999999999907,0
Base,Base (80/20),Baseline,Base (80/20),Base (80/20),13,13,True,5,0.0061263274020771918,99,98.400000000000006,0.59999999999999432,1.8317319536831689,0.34999999999999787
Base,Base (80/20),Baseline,Base (80/20),Base (80/20),13,13,False,5,0.0018178884137184381,100,100,0,1.8000000000000016,0
Base,Base (80/20),LCF-full,Base (80/20),Base (80/20),13,13,True,5,0.0095706286430359278,98.799999999999997,83.399999999999991,15.400000000000006,1.4388489208633115,14.500000000000004
Base,Base (80/20),LCF-full,Base (80/20),Base (80/20),13,13,False,5,0.00028948163986208808,100,100,0,2.8000000000000025,0
Base,Base (80/20),LCF-active,Base (80/20),Base (80/20),13,13,True,5,0.00957583248615268,98.799999999999997,83.399999999999991,15.400000000000006,1.4388489208633115,14.500000000000004
Base,Base (80/20),LCF-active,Base (80/20),Base (80/20),13,13,False,5,0.00028638911247258481,100,100,0,2.8000000000000025,0
Base,Base (80/20),EO,Base (80/20),Base (80/20),13,13,True,5,0.0249316656984237,42.199999999999996,46,3.8000000000000043,-9.8495775808778099,3.3000000000000043
Base,Base (80/20),EO,Base (80/20),Base (80/20),13,13,False,5,0.00062867732533389287,100,100,0,-3.6000000000000032,0
Base,Base (80/20),DP,Base (80/20),Base (80/20),13,13,True,5,0.019029105290743087,46.600000000000001,50.399999999999999,3.7999999999999972,-6.9861707200763012,2.9499999999999975
Base,Base (80/20),DP,Base (80/20),Base (80/20),13,13,False,5,0.001143228589218781,100,100,0,-4.5999999999999925,0
Base,Base (80/20),Baseline,Base (80/20),Base (80/20),42,42,True,5,0.0017846811938463381,100,99.200000000000003,0.79999999999999716,0.2080645161290362,0.59999999999999787
Base,Base (80/20),Baseline,Base (80/20),Base (80/20),42,42,False,5,0.0017846811938463381,100,100,0,0.20000000000000018,0
Base,Base (80/20),LCF-full,Base (80/20),Base (80/20),42,42,True,5,0.0078622388839721946,99.200000000000003,85.599999999999994,13.600000000000009,0.70093457943924964,11.200000000000006
Base,Base (80/20),LCF-full,Base (80/20),Base (80/20),42,42,False,5,0.00034415602684023661,100,100,0,2.200000000000002,0
Base,Base (80/20),LCF-active,Base (80/20),Base (80/20),42,42,True,5,0.0078676669597625981,99.200000000000003,85.599999999999994,13.600000000000009,0.70093457943924964,11.200000000000006
Base,Base (80/20),LCF-active,Base (80/20),Base (80/20),42,42,False,5,0.0003390896320343284,100,100,0,2.200000000000002,0
Base,Base (80/20),EO,Base (80/20),Base (80/20),42,42,True,5,0.038071846032244672,42.799999999999997,48.799999999999997,6,7.3234257698789662,6.9999999999999982
Base,Base (80/20),EO,Base (80/20),Base (80/20),42,42,False,5,0.00062839533896708044,100,100,0,1.7999999999999905,0
Base,Base (80/20),DP,Base (80/20),Base (80/20),42,42,True,5,0.013310724731855683,49.799999999999997,51.800000000000004,2.0000000000000071,6.8381634646694884,4.9000000000000021
Base,Base (80/20),DP,Base (80/20),Base (80/20),42,42,False,5,0.0011417222389552562,100,100,0,2.200000000000002,0
Base,Base (80/20),Baseline,Base (80/20),Base (80/20),99,99,True,5,0.0060522087242488309,98.599999999999994,98.200000000000003,0.39999999999999147,-0.605214345025884,0.30000000000000071
Base,Base (80/20),Baseline,Base (80/20),Base (80/20),99,99,False,5,0.001828488161213504,100,100,0,-0.60000000000000053,0
Base,Base (80/20),LCF-full,Base (80/20),Base (80/20),99,99,True,5,0.005386296272277824,98.200000000000003,85.200000000000003,13,0.50055936433263115,12.25
Base,Base (80/20),LCF-full,Base (80/20),Base (80/20),99,99,False,5,0.00072970306873321178,100,100,0,1.6000000000000014,0
Base,Base (80/20),LCF-active,Base (80/20),Base (80/20),99,99,True,5,0.0053917865753173588,98.200000000000003,85.200000000000003,13,0.50055936433263115,12.25
Base,Base (80/20),LCF-active,Base (80/20),Base (80/20),99,99,False,5,0.00072258090972898703,100,100,0,1.6000000000000014,0
Base,Base (80/20),EO,Base (80/20),Base (80/20),99,99,True,5,0.0016055717078194975,45.200000000000003,45.200000000000003,0,0,2.7499999999999982
Base,Base (80/20),EO,Base (80/20),Base (80/20),99,99,False,5,0.00062874285145120279,100,100,0,-4.1999999999999922,0
Base,Base (80/20),DP,Base (80/20),Base (80/20),99,99,True,5,0.004964856210409152,50.399999999999999,51.399999999999999,1,-3.7227472052374755,2.2500000000000036
Base,Base (80/20),DP,Base (80/20),Base (80/20),99,99,False,5,0.0011426467469031198,100,100,0,-4.5999999999999925,0
Base,Erdős–Rényi,Baseline,Erdős–Rényi,Erdős–Rényi,2026,2026,True,5,0.0037585513734957887,99.599999999999994,99,0.59999999999999432,1.4202263599853993,0.34999999999999432
Base,Erdős–Rényi,Baseline,Erdős–Rényi,Erdős–Rényi,2026,2026,False,5,0.0018085376944124709,100,100,0,1.4000000000000012,0
Base,Erdős–Rényi,LCF-full,Erdős–Rényi,Erdős–Rényi,2026,2026,True,5,0.0083291295766829698,100,84,16,0.4761904761904745,13.400000000000002
Base,Erdős–Rényi,LCF-full,Erdős–Rényi,Erdős–Rényi,2026,2026,False,5,0.00036283242702483953,100,100,0,1.4000000000000012,0
Base,Erdős–Rényi,LCF-active,Erdős–Rényi,Erdős–Rényi,2026,2026,True,5,0.0083204659223556909,100,84,16,0.4761904761904745,13.400000000000002
Base,Erdős–Rényi,LCF-active,Erdős–Rényi,Erdős–Rényi,2026,2026,False,5,0.00035299062728888497,100,100,0,1.4000000000000012,0
Base,Erdős–Rényi,EO,Erdős–Rényi,Erdős–Rényi,2026,2026,True,5,0.0029280682108326905,47.199999999999996,47,0.19999999999999574,-8.3555715831229787,3.199999999999994
Base,Erdős–Rényi,EO,Erdős–Rényi,Erdős–Rényi,2026,2026,False,5,0.00063083989123835504,100,100,0,-6.399999999999995,0
Base,Erdős–Rényi,DP,Erdős–Rényi,Erdős–Rényi,2026,2026,True,5,0.0076299679584767577,52.600000000000001,51.600000000000001,1,-7.915524508503557,1.2999999999999972
Base,Erdős–Rényi,DP,Erdős–Rényi,Erdős–Rényi,2026,2026,False,5,0.001146803474258884,100,100,0,-5.9999999999999947,0
Base,Erdős–Rényi,Baseline,Erdős–Rényi,Erdős–Rényi,7,7,True,5,0.011649360658571806,100,97.799999999999997,2.2000000000000028,1.8584867075664646,1.5999999999999979
Base,Erdős–Rényi,Baseline,Erdős–Rényi,Erdős–Rényi,7,7,False,5,0.0017549247862534978,100,100,0,1.8000000000000016,0
Base,Erdős–Rényi,LCF-full,Erdős–Rényi,Erdős–Rényi,7,7,True,5,0.016219516634941145,100,87.799999999999997,12.200000000000003,1.1667425968109324,10.399999999999999
Base,Erdős–Rényi,LCF-full,Erdős–Rényi,Erdős–Rényi,7,7,False,5,0.00036298716068272618,100,100,0,3.2000000000000028,0
Base,Erdős–Rényi,LCF-active,Erdős–Rényi,Erdős–Rényi,7,7,True,5,0.01621340024471285,100,87.799999999999997,12.200000000000003,1.1667425968109324,10.399999999999999
Base,Erdős–Rényi,LCF-active,Erdős–Rényi,Erdős–Rényi,7,7,False,5,0.00035371553897856067,100,100,0,3.2000000000000028,0
Base,Erdős–Rényi,EO,Erdős–Rényi,Erdős–Rényi,7,7,True,5,0.028924988593969636,45.200000000000003,49.600000000000001,4.3999999999999986,4.5496717099628885,4.1999999999999993
Base,Erdős–Rényi,EO,Erdős–Rényi,Erdős–Rényi,7,7,False,5,0.00063074086206249547,100,100,0,3.0000000000000027,0
Base,Erdős–Rényi,DP,Erdős–Rényi,Erdős–Rényi,7,7,True,5,0.021842967207334252,50.799999999999997,54,3.2000000000000028,1.9072615923009573,3.4000000000000075
Base,Erdős–Rényi,DP,Erdős–Rényi,Erdős–Rényi,7,7,False,5,0.0011465352478744473,100,100,0,1.9999999999999907,0
Base,Erdős–Rényi,Baseline,Erdős–Rényi,Erdős–Rényi,13,13,True,5,0.0018153347347985571,100,99.200000000000003,0.79999999999999716,1.8177419354838742,0.40000000000000213
Base,Erdős–Rényi,Baseline,Erdős–Rényi,Erdős–Rényi,13,13,False,5,0.0018153347347985571,100,100,0,1.8000000000000016,0
Base,Erdős–Rényi,LCF-full,Erdős–Rényi,Erdős–Rényi,13,13,True,5,0.0023919445276260332,99.599999999999994,84.799999999999997,14.799999999999997,1.1792452830188704,13.649999999999999
Base,Erdős–Rényi,LCF-full,Erdős–Rényi,Erdős–Rényi,13,13,False,5,0.00029385638237000578,100,100,0,2.8000000000000025,0
Base,Erdős–Rényi,LCF-active,Erdős–Rényi,Erdős–Rényi,13,13,True,5,0.0023826355934143395,99.599999999999994,84.799999999999997,14.799999999999997,1.1792452830188704,13.649999999999999
Base,Erdős–Rényi,LCF-active,Erdős–Rényi,Erdős–Rényi,13,13,False,5,0.00028553462028513277,100,100,0,2.8000000000000025,0
Base,Erdős–Rényi,EO,Erdős–Rényi,Erdős–Rényi,13,13,True,5,0.0095586155800349015,44,43,1,-8.3932346723044393,1.4499999999999993
Base,Erdős–Rényi,EO,Erdős–Rényi,Erdős–Rényi,13,13,False,5,0.00063083991235735049,100,100,0,-3.6000000000000032,0
Base,Erdős–Rényi,DP,Erdős–Rényi,Erdős–Rényi,13,13,True,5,0.020102987027020014,51.200000000000003,48.600000000000001,2.6000000000000014,-5.610210905349799,2.3000000000000007
Base,Erdős–Rényi,DP,Erdős–Rényi,Erdős–Rényi,13,13,False,5,0.0011471213316209816,100,100,0,-4.5999999999999925,0
Base,Erdős–Rényi,Baseline,Erdős–Rényi,Erdős–Rényi,42,42,True,5,0.0057555531869888377,100,99.200000000000003,0.79999999999999716,0.2080645161290362,0.5
Base,Erdős–Rényi,Baseline,Erdős–Rényi,Erdős–Rényi,42,42,False,5,0.0017800677916215424,100,100,0,0.20000000000000018,0
Base,Erdős–Rényi,LCF-full,Erdős–Rényi,Erdős–Rényi,42,42,True,5,0.0018754231929778431,99.400000000000006,88.599999999999994,10.800000000000011,0.90293453724604733,8.8999999999999986
Base,Erdős–Rényi,LCF-full,Erdős–Rényi,Erdős–Rényi,42,42,False,5,0.00034651648998262896,100,100,0,2.200000000000002,0
Base,Erdős–Rényi,LCF-active,Erdős–Rényi,Erdős–Rényi,42,42,True,5,0.0018796445131302741,99.400000000000006,89,10.400000000000006,0.89887640449438644,8.5000000000000036
Base,Erdős–Rényi,LCF-active,Erdős–Rényi,Erdős–Rényi,42,42,False,5,0.00034125792980199687,100,100,0,2.200000000000002,0
Base,Erdős–Rényi,EO,Erdős–Rényi,Erdős–Rényi,42,42,True,5,0.031517432206119411,44.800000000000004,49.799999999999997,4.9999999999999929,6.9044033275960981,4.8499999999999925
Base,Erdős–Rényi,EO,Erdős–Rényi,Erdős–Rényi,42,42,False,5,0.00063055598368721988,100,100,0,1.7999999999999905,0
Base,Erdős–Rényi,DP,Erdős–Rényi,Erdős–Rényi,42,42,True,5,0.025965961288654305,51,55.200000000000003,4.2000000000000028,10.315430520034097,4.4500000000000046
Base,Erdős–Rényi,DP,Erdős–Rényi,Erdős–Rényi,42,42,False,5,0.0011456047622336873,100,100,0,2.200000000000002,0
Base,Erdős–Rényi,Baseline,Erdős–Rényi,Erdős–Rényi,99,99,True,5,9.9464311160257779e-05,99.599999999999994,98,1.5999999999999943,-0.38521432669452738,1.5999999999999979
Base,Erdős–Rényi,Baseline,Erdős–Rényi,Erdős–Rényi,99,99,False,5,0.0018258208877226512,100,100,0,-0.40000000000000036,0
Base,Erdős–Rényi,LCF-full,Erdős–Rényi,Erdős–Rényi,99,99,True,5,0.01255206465721137,99.599999999999994,87.599999999999994,12,0.25581779171480745,11.049999999999997
Base,Erdős–Rényi,LCF-full,Erdős–Rényi,Erdős–Rényi,99,99,False,5,0.00073759722709654252,100,100,0,1.6000000000000014,0
Base,Erdős–Rényi,LCF-active,Erdős–Rényi,Erdős–Rényi,99,99,True,5,0.012545989751815756,99.599999999999994,87.599999999999994,12,0.25581779171480745,11.049999999999997
Base,Erdős–Rényi,LCF-active,Erdős–Rényi,Erdős–Rényi,99,99,False,5,0.00072709584236141378,100,100,0,1.6000000000000014,0
Base,Erdős–Rényi,EO,Erdős–Rényi,Erdős–Rényi,99,99,True,5,0.020151424989242439,46.800000000000004,44.200000000000003,2.6000000000000014,-4.1729512317747686,4.5499999999999972
Base,Erdős–Rényi,EO,Erdős–Rényi,Erdős–Rényi,99,99,False,5,0.00063090588951453253,100,100,0,-4.1999999999999922,0
Base,Erdős–Rényi,DP,Erdős–Rényi,Erdős–Rényi,99,99,True,5,0.012029921645173969,50.200000000000003,52,1.7999999999999972,-4.9770150168556571,4.1999999999999993
Base,Erdős–Rényi,DP,Erdős–Rényi,Erdős–Rényi,99,99,False,5,0.0011465355460584803,100,100,0,-4.5999999999999925,0
Base,Watts–Strogatz,Baseline,Watts–Strogatz,Watts–Strogatz,2026,2026,True,5,0.0076826063108771381,100,99,1,1.4242424242424279,0.44999999999999929
Base,Watts–Strogatz,Baseline,Watts–Strogatz,Watts–Strogatz,2026,2026,False,5,0.0017887449528553034,100,100,0,1.4000000000000012,0
Base,Watts–Strogatz,LCF-full,Watts–Strogatz,Watts–Strogatz,2026,2026,True,5,0.0035991325378418315,99.400000000000006,84.599999999999994,14.800000000000011,0.47281323877068626,13.050000000000008
Base,Watts–Strogatz,LCF-full,Watts–Strogatz,Watts–Strogatz,2026,2026,False,5,0.00036382627487174801,100,100,0,1.4000000000000012,0
Base,Watts–Strogatz,LCF-active,Watts–Strogatz,Watts–Strogatz,2026,2026,True,5,0.0036097303628921384,99.400000000000006,84.599999999999994,14.800000000000011,0.47281323877068626,13.050000000000008
Base,Watts–Strogatz,LCF-active,Watts–Strogatz,Watts–Strogatz,2026,2026,False,5,0.00035443890094755126,100,100,0,1.4000000000000012,0
Base,Watts–Strogatz,EO,Watts–Strogatz,Watts–Strogatz,2026,2026,True,5,0.0037414466115177625,44.600000000000001,45.200000000000003,0.60000000000000142,-11.597682447716185,2.7499999999999964
Base,Watts–Strogatz,EO,Watts–Strogatz,Watts–Strogatz,2026,2026,False,5,0.00061966067206664643,100,100,0,-6.399999999999995,0
Base,Watts–Strogatz,DP,Watts–Strogatz,Watts–Strogatz,2026,2026,True,5,0.011824771852728622,52.200000000000003,50.600000000000001,1.6000000000000014,-12.324140959823115,2.6500000000000004
Base,Watts–Strogatz,DP,Watts–Strogatz,Watts–Strogatz,2026,2026,False,5,0.0011267977933158146,100,100,0,-5.9999999999999947,0
Base,Watts–Strogatz,Baseline,Watts–Strogatz,Watts–Strogatz,7,7,True,5,0.0037039979116541,100,99.400000000000006,0.59999999999999432,1.8156941649899339,0.25
Base,Watts–Strogatz,Baseline,Watts–Strogatz,Watts–Strogatz,7,7,False,5,0.0017366569094030559,100,100,0,1.8000000000000016,0
Base,Watts–Strogatz,LCF-full,Watts–Strogatz,Watts–Strogatz,7,7,True,5,0.0062836585044860893,100,89,11,1.3730337078651678,9.5999999999999979
Base,Watts–Strogatz,LCF-full,Watts–Strogatz,Watts–Strogatz,7,7,False,5,0.00036410486698146283,100,100,0,3.2000000000000028,0
Base,Watts–Strogatz,LCF-active,Watts–Strogatz,Watts–Strogatz,7,7,True,5,0.006275903701782215,100,89.200000000000003,10.799999999999997,1.3695067264574035,9.399999999999995
Base,Watts–Strogatz,LCF-active,Watts–Strogatz,Watts–Strogatz,7,7,False,5,0.00035525572299954788,100,100,0,3.2000000000000028,0
Base,Watts–Strogatz,EO,Watts–Strogatz,Watts–Strogatz,7,7,True,5,0.026302909010935405,41.799999999999997,45.800000000000004,4.0000000000000071,6.1010008148596917,3.7000000000000011
Base,Watts–Strogatz,EO,Watts–Strogatz,Watts–Strogatz,7,7,False,5,0.0006195651152911541,100,100,0,3.0000000000000027,0
Base,Watts–Strogatz,DP,Watts–Strogatz,Watts–Strogatz,7,7,True,5,0.0079004302210208821,48.600000000000001,50,1.3999999999999986,3.1588477366255141,1.9000000000000004
Base,Watts–Strogatz,DP,Watts–Strogatz,Watts–Strogatz,7,7,False,5,0.0011265387809127336,100,100,0,1.9999999999999907,0
Base,Watts–Strogatz,Baseline,Watts–Strogatz,Watts–Strogatz,13,13,True,5,0.00019247651031761848,99.799999999999997,99.200000000000003,0.59999999999999432,1.8169403322774613,0.39999999999999858
Base,Watts–Strogatz,Baseline,Watts–Strogatz,Watts–Strogatz,13,13,False,5,0.00179539908389037,100,100,0,1.8000000000000016,0
Base,Watts–Strogatz,LCF-full,Watts–Strogatz,Watts–Strogatz,13,13,True,5,0.0015795032978057622,99.599999999999994,86,13.599999999999994,1.6279069767441867,12.149999999999995
Base,Watts–Strogatz,LCF-full,Watts–Strogatz,Watts–Strogatz,13,13,False,5,0.0002944315671921105,100,100,0,2.8000000000000025,0
Base,Watts–Strogatz,LCF-active,Watts–Strogatz,Watts–Strogatz,13,13,True,5,0.0015894250869750159,99.599999999999994,86,13.599999999999994,1.6279069767441867,12.149999999999995
Base,Watts–Strogatz,LCF-active,Watts–Strogatz,Watts–Strogatz,13,13,False,5,0.00028656816482541814,100,100,0,2.8000000000000025,0
Base,Watts–Strogatz,EO,Watts–Strogatz,Watts–Strogatz,13,13,True,5,0.019664452549705558,43,46.400000000000006,3.4000000000000057,-7.1732157177225364,4.4499999999999993
Base,Watts–Strogatz,EO,Watts–Strogatz,Watts–Strogatz,13,13,False,5,0.00061966069201979668,100,100,0,-3.6000000000000032,0
Base,Watts–Strogatz,DP,Watts–Strogatz,Watts–Strogatz,13,13,True,5,0.0065262440896738383,49,50.399999999999999,1.3999999999999986,-4.1156462585033911,2.0999999999999979
Base,Watts–Strogatz,DP,Watts–Strogatz,Watts–Strogatz,13,13,False,5,0.001127104720119787,100,100,0,-4.5999999999999925,0
Base,Watts–Strogatz,Baseline,Watts–Strogatz,Watts–Strogatz,42,42,True,5,0.0017607686908187592,100,99.599999999999994,0.40000000000000568,0.20401606425702878,0.30000000000000426
Base,Watts–Strogatz,Baseline,Watts–Strogatz,Watts–Strogatz,42,42,False,5,0.0017607686908187592,100,100,0,0.20000000000000018,0
Base,Watts–Strogatz,LCF-full,Watts–Strogatz,Watts–Strogatz,42,42,True,5,0.0098283407688141144,98.799999999999997,89.400000000000006,9.3999999999999915,0.67114093959731447,7.5999999999999979
Base,Watts–Strogatz,LCF-full,Watts–Strogatz,Watts–Strogatz,42,42,False,5,0.00035288822650914042,100,100,0,2.200000000000002,0
Base,Watts–Strogatz,LCF-active,Watts–Strogatz,Watts–Strogatz,42,42,True,5,0.011838220477104255,98.799999999999997,89.799999999999997,9,0.66815144766146917,7.2999999999999972
Base,Watts–Strogatz,LCF-active,Watts–Strogatz,Watts–Strogatz,42,42,False,5,0.00034240460395817962,100,100,0,2.200000000000002,0
Base,Watts–Strogatz,EO,Watts–Strogatz,Watts–Strogatz,42,42,True,5,0.016887988070682369,46.800000000000004,49.600000000000001,2.7999999999999972,9.842845326716299,4.8999999999999915
Base,Watts–Strogatz,EO,Watts–Strogatz,Watts–Strogatz,42,42,False,5,0.00061938672007699758,100,100,0,1.7999999999999905,0
Base,Watts–Strogatz,DP,Watts–Strogatz,Watts–Strogatz,42,42,True,5,0.048234279533807489,52,59.399999999999999,7.3999999999999986,7.3698523698523699,6.9500000000000046
Base,Watts–Strogatz,DP,Watts–Strogatz,Watts–Strogatz,42,42,False,5,0.0011256403179934482,100,100,0,2.200000000000002,0
Base,Watts–Strogatz,Baseline,Watts–Strogatz,Watts–Strogatz,99,99,True,5,0.00010303299121383613,99.400000000000006,99.200000000000003,0.20000000000000284,-0.40038618809631332,0.59999999999999787
Base,Watts–Strogatz,Baseline,Watts–Strogatz,Watts–Strogatz,99,99,False,5,0.0018032479253102807,100,100,0,-0.40000000000000036,0
Base,Watts–Strogatz,LCF-full,Watts–Strogatz,Watts–Strogatz,99,99,True,5,0.0025809804201125663,99.200000000000003,87.400000000000006,11.799999999999997,0.48488595260942624,10.75
Base,Watts–Strogatz,LCF-full,Watts–Strogatz,Watts–Strogatz,99,99,False,5,0.00074039626121524815,100,100,0,1.6000000000000014,0
Base,Watts–Strogatz,LCF-active,Watts–Strogatz,Watts–Strogatz,99,99,True,5,0.0025735709667205064,99.200000000000003,87.400000000000006,11.799999999999997,0.48488595260942624,10.75
Base,Watts–Strogatz,LCF-active,Watts–Strogatz,Watts–Strogatz,99,99,False,5,0.00072968065738676646,100,100,0,1.6000000000000014,0
Base,Watts–Strogatz,EO,Watts–Strogatz,Watts–Strogatz,99,99,True,5,0.009585011406923527,47.799999999999997,46.400000000000006,1.3999999999999915,-0.67630933487230482,4.4499999999999957
Base,Watts–Strogatz,EO,Watts–Strogatz,Watts–Strogatz,99,99,False,5,0.00061972435687773775,100,100,0,-4.1999999999999922,0
Base,Watts–Strogatz,DP,Watts–Strogatz,Watts–Strogatz,99,99,True,5,0.01056278160303048,52.600000000000001,54.400000000000006,1.8000000000000043,-1.7669425184522525,3.2000000000000011
Base,Watts–Strogatz,DP,Watts–Strogatz,Watts–Strogatz,99,99,False,5,0.0011265390650714302,100,100,0,-4.5999999999999925,0
Variant I,Base (80/20),Baseline,Base (80/20),Base (80/20),2026,2026,True,5,0.0059441252597848271,99.400000000000006,99,0.40000000000000568,0.81051968375911443,0.75
Variant I,Base (80/20),Baseline,Base (80/20),Base (80/20),2026,2026,False,5,0.0019617227500071666,100,100,0,0.80000000000000071,0
Variant I,Base (80/20),LCF-full,Base (80/20),Base (80/20),2026,2026,True,5,0.0061726281642914271,99.799999999999997,85.200000000000003,14.599999999999994,0.26908276647190643,13.149999999999995
Variant I,Base (80/20),LCF-full,Base (80/20),Base (80/20),2026,2026,False,5,0.00017918813228601227,100,100,0,1.6000000000000014,0
Variant I,Base (80/20),LCF-active,Base (80/20),Base (80/20),2026,2026,True,5,0.0061670190095901578,99.799999999999997,85.200000000000003,14.599999999999994,0.26908276647190643,13.149999999999995
Variant I,Base (80/20),LCF-active,Base (80/20),Base (80/20),2026,2026,False,5,0.00018112158775329679,100,100,0,1.6000000000000014,0
Variant I,Base (80/20),EO,Base (80/20),Base (80/20),2026,2026,True,5,0.018261776720856271,46.200000000000003,49,2.7999999999999972,4.7990105132962313,1.3499999999999996
Variant I,Base (80/20),EO,Base (80/20),Base (80/20),2026,2026,False,5,0.00055392894532590997,100,100,0,1.0000000000000009,0
Variant I,Base (80/20),DP,Base (80/20),Base (80/20),2026,2026,True,5,0.026079423964306847,50,54.400000000000006,4.4000000000000057,1.7147058823529404,2.4500000000000028
Variant I,Base (80/20),DP,Base (80/20),Base (80/20),2026,2026,False,5,0.0010134183111042416,100,100,0,-0.20000000000000018,0
Variant I,Base (80/20),Baseline,Base (80/20),Base (80/20),7,7,True,5,0.0059363266094331069,99.799999999999997,99.799999999999997,0,-1.0020040080160331,0.050000000000000711
Variant I,Base (80/20),Baseline,Base (80/20),Base (80/20),7,7,False,5,0.0020194521409434563,100,100,0,-1.0000000000000009,0
Variant I,Base (80/20),LCF-full,Base (80/20),Base (80/20),7,7,True,5,0.0017193812131881536,99.799999999999997,87.799999999999997,12,0.48297049680225967,10.549999999999997
Variant I,Base (80/20),LCF-full,Base (80/20),Base (80/20),7,7,False,5,0.00023081910610200929,100,100,0,1.4000000000000012,0
Variant I,Base (80/20),LCF-active,Base (80/20),Base (80/20),7,7,True,5,0.0017304420471191406,99.799999999999997,87.799999999999997,12,0.48297049680225967,10.549999999999997
Variant I,Base (80/20),LCF-active,Base (80/20),Base (80/20),7,7,False,5,0.0002210973501205471,100,100,0,1.4000000000000012,0
Variant I,Base (80/20),EO,Base (80/20),Base (80/20),7,7,True,5,0.020975483698573993,42,45.600000000000001,3.6000000000000014,7.8696741854636603,2.5000000000000036
Variant I,Base (80/20),EO,Base (80/20),Base (80/20),7,7,False,5,0.00055409265261552321,100,100,0,4.0000000000000036,0
Variant I,Base (80/20),DP,Base (80/20),Base (80/20),7,7,True,5,0.00046816124487580879,47.399999999999999,47.399999999999999,0,5.9071729957805967,0.5
Variant I,Base (80/20),DP,Base (80/20),Base (80/20),7,7,False,5,0.0010142330331631699,100,100,0,4.5999999999999925,0
Variant I,Base (80/20),Baseline,Base (80/20),Base (80/20),13,13,True,5,0.0058336222971556717,100,99.599999999999994,0.40000000000000568,0.80401606425702932,0.40000000000000568
Variant I,Base (80/20),Baseline,Base (80/20),Base (80/20),13,13,False,5,0.0018664479100596321,100,100,0,0.80000000000000071,0
Variant I,Base (80/20),LCF-full,Base (80/20),Base (80/20),13,13,True,5,0.014064451694488556,99.799999999999997,87,12.799999999999997,0.91954022988506301,11.599999999999998
Variant I,Base (80/20),LCF-full,Base (80/20),Base (80/20),13,13,False,5,0.00011158239841457807,100,100,0,2.4000000000000021,0
Variant I,Base (80/20),LCF-active,Base (80/20),Base (80/20),13,13,True,5,0.014076273322105481,99.799999999999997,87,12.799999999999997,0.68965517241379448,11.599999999999998
Variant I,Base (80/20),LCF-active,Base (80/20),Base (80/20),13,13,False,5,0.00012164235115053046,100,100,0,2.200000000000002,0
Variant I,Base (80/20),EO,Base (80/20),Base (80/20),13,13,True,5,0.020257046637109755,47,44.399999999999999,2.6000000000000014,2.0682384512171748,3.3499999999999961
Variant I,Base (80/20),EO,Base (80/20),Base (80/20),13,13,False,5,0.00055404454110952184,100,100,0,1.4000000000000012,0
Variant I,Base (80/20),DP,Base (80/20),Base (80/20),13,13,True,5,0.038544098029752227,53,47.799999999999997,5.2000000000000028,1.0199731586010841,5.2000000000000011
Variant I,Base (80/20),DP,Base (80/20),Base (80/20),13,13,False,5,0.0010141041131735973,100,100,0,1.8000000000000016,0
Variant I,Base (80/20),Baseline,Base (80/20),Base (80/20),42,42,True,5,0.01382837156393113,100,98.799999999999997,1.2000000000000028,0.80971659919027994,1
Variant I,Base (80/20),Baseline,Base (80/20),Base (80/20),42,42,False,5,0.0019811450099821437,100,100,0,0.80000000000000071,0
Variant I,Base (80/20),LCF-full,Base (80/20),Base (80/20),42,42,True,5,0.002080096602439907,100,85.599999999999994,14.400000000000006,0.23364485981308691,13.350000000000001
Variant I,Base (80/20),LCF-full,Base (80/20),Base (80/20),42,42,False,5,0.00011734771728522109,100,100,0,1.2000000000000011,0
Variant I,Base (80/20),LCF-active,Base (80/20),Base (80/20),42,42,True,5,0.0020766627788544323,100,85.599999999999994,14.400000000000006,0.23364485981308691,13.350000000000001
Variant I,Base (80/20),LCF-active,Base (80/20),Base (80/20),42,42,False,5,0.00011315929889688103,100,100,0,1.2000000000000011,0
Variant I,Base (80/20),EO,Base (80/20),Base (80/20),42,42,True,5,0.012223078492144435,47.799999999999997,46,1.7999999999999972,1.2279425140986011,2.0999999999999961
Variant I,Base (80/20),EO,Base (80/20),Base (80/20),42,42,False,5,0.00055403488246030808,100,100,0,0.60000000000000053,0
Variant I,Base (80/20),DP,Base (80/20),Base (80/20),42,42,True,5,0.038450216478325694,53.400000000000006,48,5.4000000000000057,2.9494382022471899,2.75
Variant I,Base (80/20),DP,Base (80/20),Base (80/20),42,42,False,5,0.0010137792690148029,100,100,0,0,0
Variant I,Base (80/20),Baseline,Base (80/20),Base (80/20),99,99,True,5,0.011921334213214618,99.599999999999994,98.799999999999997,0.79999999999999716,-0.39510267791815767,0.54999999999999361
Variant I,Base (80/20),Baseline,Base (80/20),Base (80/20),99,99,False,5,0.0019743199120746402,100,100,0,-0.40000000000000036,0
Variant I,Base (80/20),LCF-full,Base (80/20),Base (80/20),99,99,True,5,0.0022162218093871866,99,84.799999999999997,14.200000000000003,0.94339622641509413,12.900000000000002
Variant I,Base (80/20),LCF-full,Base (80/20),Base (80/20),99,99,False,5,0.00024440848827356199,100,100,0,2.6000000000000023,0
Variant I,Base (80/20),LCF-active,Base (80/20),Base (80/20),99,99,True,5,0.002210362195968596,99,85,14,0.7058823529411784,12.699999999999999
Variant I,Base (80/20),LCF-active,Base (80/20),Base (80/20),99,99,False,5,0.0002373805046080868,100,100,0,2.4000000000000021,0
Variant I,Base (80/20),EO,Base (80/20),Base (80/20),99,99,True,5,0.030318492595362845,43.399999999999999,48.399999999999999,5,-1.4567543893057033,7.9499999999999993
Variant I,Base (80/20),EO,Base (80/20),Base (80/20),99,99,False,5,0.00055389041327835731,100,100,0,-0.40000000000000036,0
Variant I,Base (80/20),DP,Base (80/20),Base (80/20),99,99,True,5,0.010708872437924899,48.399999999999999,50,1.6000000000000014,-2.6049586776859424,4.5
Variant I,Base (80/20),DP,Base (80/20),Base (80/20),99,99,False,5,0.0010131102066802677,100,100,0,-1.6000000000000014,0
Variant I,Erdős–Rényi,Baseline,Erdős–Rényi,Erdős–Rényi,2026,2026,True,5,0.0019545890683423384,99.599999999999994,99.599999999999994,0,0.80321285140562138,0.20000000000000284
Variant I,Erdős–Rényi,Baseline,Erdős–Rényi,Erdős–Rényi,2026,2026,False,5,0.0019494818337432163,100,100,0,0.80000000000000071,0
Variant I,Erdős–Rényi,LCF-full,Erdős–Rényi,Erdős–Rényi,2026,2026,True,5,0.0036913793087005597,99.599999999999994,85.599999999999994,14,0.76661787336260723,11.749999999999996
Variant I,Erdős–Rényi,LCF-full,Erdős–Rényi,Erdős–Rényi,2026,2026,False,5,8.7737321853631478e-05,100,100,0,1.6000000000000014,0
Variant I,Erdős–Rényi,LCF-active,Erdős–Rényi,Erdős–Rényi,2026,2026,True,5,0.0038141673803329113,99.400000000000006,87.400000000000006,12,0.71412456431955151,10.400000000000002
Variant I,Erdős–Rényi,LCF-active,Erdős–Rényi,Erdős–Rényi,2026,2026,False,5,0.00018118309974668456,100,100,0,1.6000000000000014,0
Variant I,Erdős–Rényi,EO,Erdős–Rényi,Erdős–Rényi,2026,2026,True,5,0.030245381374751801,45.399999999999999,50,4.6000000000000014,0.51982378854624756,3.9000000000000004
Variant I,Erdős–Rényi,EO,Erdős–Rényi,Erdős–Rényi,2026,2026,False,5,0.00055111348928971182,100,100,0,1.0000000000000009,0
Variant I,Erdős–Rényi,DP,Erdős–Rényi,Erdős–Rényi,2026,2026,True,5,0.024704999295114549,51.800000000000004,55.600000000000009,3.8000000000000043,-1.3916280103330458,3.0500000000000043
Variant I,Erdős–Rényi,DP,Erdős–Rényi,Erdős–Rényi,2026,2026,False,5,0.0010083203213764325,100,100,0,-0.20000000000000018,0
Variant I,Erdős–Rényi,Baseline,Erdős–Rényi,Erdős–Rényi,7,7,True,5,0.0039971734344258492,99.400000000000006,99.200000000000003,0.20000000000000284,-1.0048192380086918,0.10000000000000142
Variant I,Erdős–Rényi,Baseline,Erdős–Rényi,Erdős–Rényi,7,7,False,5,0.002002613007591969,100,100,0,-1.0000000000000009,0
Variant I,Erdős–Rényi,LCF-full,Erdős–Rényi,Erdős–Rényi,7,7,True,5,0.0035686401128768308,99.599999999999994,88,11.599999999999994,0.70828769623949572,9.8499999999999908
Variant I,Erdős–Rényi,LCF-full,Erdős–Rényi,Erdős–Rényi,7,7,False,5,0.00036298084259034358,100,100,0,1.8000000000000016,0
Variant I,Erdős–Rényi,LCF-active,Erdős–Rényi,Erdős–Rényi,7,7,True,5,0.0037327857017516175,99.599999999999994,89.600000000000009,9.9999999999999858,0.4688396442914522,8.4499999999999922
Variant I,Erdős–Rényi,LCF-active,Erdős–Rényi,Erdős–Rényi,7,7,False,5,0.00021940541267395641,100,100,0,1.4000000000000012,0
Variant I,Erdős–Rényi,EO,Erdős–Rényi,Erdős–Rényi,7,7,True,5,0.0055384348472966582,48,47.399999999999999,0.60000000000000142,7.9588607594936693,0.75
Variant I,Erdős–Rényi,EO,Erdős–Rényi,Erdős–Rényi,7,7,False,5,0.00055127569454949121,100,100,0,4.0000000000000036,0
Variant I,Erdős–Rényi,DP,Erdős–Rényi,Erdős–Rényi,7,7,True,5,0.024245756391416573,54,50.600000000000001,3.3999999999999986,6.5349143610013094,3.0000000000000036
Variant I,Erdős–Rényi,DP,Erdős–Rényi,Erdős–Rényi,7,7,False,5,0.0010091276657612225,100,100,0,4.5999999999999925,0
Variant I,Erdős–Rényi,Baseline,Erdős–Rényi,Erdős–Rényi,13,13,True,5,0.0057881550505849422,100,99.599999999999994,0.40000000000000568,0.80401606425702932,0.40000000000000568
Variant I,Erdős–Rényi,Baseline,Erdős–Rényi,Erdős–Rényi,13,13,False,5,0.0018554129981565026,100,100,0,0.80000000000000071,0
Variant I,Erdős–Rényi,LCF-full,Erdős–Rényi,Erdős–Rényi,13,13,True,5,0.0061263809204101793,99.599999999999994,86.200000000000003,13.399999999999991,1.1600928074245953,10.949999999999996
Variant I,Erdős–Rényi,LCF-full,Erdős–Rényi,Erdős–Rényi,13,13,False,5,0.00018145179748541018,100,100,0,2.200000000000002,0
Variant I,Erdős–Rényi,LCF-active,Erdős–Rényi,Erdős–Rényi,13,13,True,5,0.0041189942359923792,99.799999999999997,88.400000000000006,11.399999999999991,0.90497737556560764,9.7499999999999964
Variant I,Erdős–Rényi,LCF-active,Erdős–Rényi,Erdős–Rényi,13,13,False,5,0.00012131130695347547,100,100,0,2.200000000000002,0
Variant I,Erdős–Rényi,EO,Erdős–Rényi,Erdős–Rényi,13,13,True,5,0.010913157622849778,46.800000000000004,45.399999999999999,1.4000000000000057,2.0539176926842151,1.4500000000000028
Variant I,Erdős–Rényi,EO,Erdős–Rényi,Erdős–Rényi,13,13,False,5,0.00055122802421070372,100,100,0,1.4000000000000012,0
Variant I,Erdős–Rényi,DP,Erdős–Rényi,Erdős–Rényi,13,13,True,5,0.032845273983586443,53.800000000000004,50.200000000000003,3.6000000000000014,-1.6113982730786791,3.0500000000000007
Variant I,Erdős–Rényi,DP,Erdős–Rényi,Erdős–Rényi,13,13,False,5,0.0010089999218275691,100,100,0,1.8000000000000016,0
Variant I,Erdős–Rényi,Baseline,Erdős–Rényi,Erdős–Rényi,42,42,True,5,2.8370287721957155e-05,99.599999999999994,99.799999999999997,0.20000000000000284,1.0020040080160331,0.20000000000000284
Variant I,Erdős–Rényi,Baseline,Erdős–Rényi,Erdős–Rényi,42,42,False,5,0.0019688088561592432,100,100,0,1.0000000000000009,0
Variant I,Erdős–Rényi,LCF-full,Erdős–Rényi,Erdős–Rényi,42,42,True,5,0.006302408695220918,99.599999999999994,88,11.599999999999994,0.90909090909090384,10.549999999999997
Variant I,Erdős–Rényi,LCF-full,Erdős–Rényi,Erdős–Rényi,42,42,False,5,0.00030276846885679554,100,100,0,1.8000000000000016,0
Variant I,Erdős–Rényi,LCF-active,Erdős–Rényi,Erdős–Rényi,42,42,True,5,0.0022453606128692849,99.599999999999994,89.400000000000006,10.199999999999989,0.44742729306487261,9.4999999999999893
Variant I,Erdős–Rényi,LCF-active,Erdős–Rényi,Erdős–Rényi,42,42,False,5,0.00011237514019013517,100,100,0,1.2000000000000011,0
Variant I,Erdős–Rényi,EO,Erdős–Rényi,Erdős–Rényi,42,42,True,5,0.0036271338918604235,47.799999999999997,48.399999999999999,0.60000000000000142,-1.2362114872575103,2.2999999999999936
Variant I,Erdős–Rényi,EO,Erdős–Rényi,Erdős–Rényi,42,42,False,5,0.00055121845441241657,100,100,0,0.60000000000000053,0
Variant I,Erdős–Rényi,DP,Erdős–Rényi,Erdős–Rényi,42,42,True,5,0.016193247319173043,53.200000000000003,55.800000000000004,2.6000000000000014,0.49586331419947394,2.0000000000000018
Variant I,Erdős–Rényi,DP,Erdős–Rényi,Erdős–Rényi,42,42,False,5,0.0010086959338099222,100,100,0,0,0
Variant I,Erdős–Rényi,Baseline,Erdős–Rényi,Erdős–Rényi,99,99,True,5,6.0320116253675948e-05,99,99.200000000000003,0.20000000000000284,-0.40566959921798373,0.25
Variant I,Erdős–Rényi,Baseline,Erdős–Rényi,Erdős–Rényi,99,99,False,5,0.0019619092239179237,100,100,0,-0.40000000000000036,0
Variant I,Erdős–Rényi,LCF-full,Erdős–Rényi,Erdős–Rényi,99,99,True,5,0.0044014675617217724,99.400000000000006,86.200000000000003,13.200000000000003,1.6549412484185844,11.899999999999999
Variant I,Erdős–Rényi,LCF-full,Erdős–Rényi,Erdős–Rényi,99,99,False,5,0.00038143730163564538,100,100,0,2.8000000000000025,0
Variant I,Erdős–Rényi,LCF-active,Erdős–Rényi,Erdős–Rényi,99,99,True,5,0.0042114703655243835,99.599999999999994,87.799999999999997,11.799999999999997,0.91116173120728838,10.549999999999994
Variant I,Erdős–Rényi,LCF-active,Erdős–Rényi,Erdős–Rényi,99,99,False,5,0.00023760581016540883,100,100,0,2.4000000000000021,0
Variant I,Erdős–Rényi,EO,Erdős–Rényi,Erdős–Rényi,99,99,True,5,0.02013853722494563,46.800000000000004,44.200000000000003,2.6000000000000014,0.62845651080944975,3.9000000000000004
Variant I,Erdős–Rényi,EO,Erdős–Rényi,Erdős–Rényi,99,99,False,5,0.00055107531093145923,100,100,0,-0.40000000000000036,0
Variant I,Erdős–Rényi,DP,Erdős–Rényi,Erdős–Rényi,99,99,True,5,0.0050913714767725771,51,51.800000000000004,0.80000000000000426,-2.4210765387235988,4.9499999999999957
Variant I,Erdős–Rényi,DP,Erdős–Rényi,Erdős–Rényi,99,99,False,5,0.0010080150059682547,100,100,0,-1.6000000000000014,0
Variant I,Watts–Strogatz,Baseline,Watts–Strogatz,Watts–Strogatz,2026,2026,True,5,0.0059586493586972766,99.200000000000003,100,0.79999999999999716,0.79516129032257687,0.40000000000000213
Variant I,Watts–Strogatz,Baseline,Watts–Strogatz,Watts–Strogatz,2026,2026,False,5,0.0019550972405883993,100,100,0,0.80000000000000071,0
Variant I,Watts–Strogatz,LCF-full,Watts–Strogatz,Watts–Strogatz,2026,2026,True,5,0.0056269478797912331,98.799999999999997,84.200000000000003,14.599999999999994,1.25784953888467,12.599999999999998
Variant I,Watts–Strogatz,LCF-full,Watts–Strogatz,Watts–Strogatz,2026,2026,False,5,7.130396366117342e-05,100,100,0,2.0000000000000018,0
Variant I,Watts–Strogatz,LCF-active,Watts–Strogatz,Watts–Strogatz,2026,2026,True,5,0.0057985526323318659,99.200000000000003,87.799999999999997,11.400000000000006,0.70954882798147656,10.050000000000001
Variant I,Watts–Strogatz,LCF-active,Watts–Strogatz,Watts–Strogatz,2026,2026,False,5,0.00018131446838387522,100,100,0,1.6000000000000014,0
Variant I,Watts–Strogatz,EO,Watts–Strogatz,Watts–Strogatz,2026,2026,True,5,0.010900297334076547,47,45.399999999999999,1.6000000000000014,-1.3684506514199946,1.0000000000000036
Variant I,Watts–Strogatz,EO,Watts–Strogatz,Watts–Strogatz,2026,2026,False,5,0.00055167024632951644,100,100,0,1.0000000000000009,0
Variant I,Watts–Strogatz,DP,Watts–Strogatz,Watts–Strogatz,2026,2026,True,5,0.0078857853392967914,49.600000000000001,51.600000000000001,2,-2.0411352838209607,2.1500000000000021
Variant I,Watts–Strogatz,DP,Watts–Strogatz,Watts–Strogatz,2026,2026,False,5,0.001009322719232153,100,100,0,-0.20000000000000018,0
Variant I,Watts–Strogatz,Baseline,Watts–Strogatz,Watts–Strogatz,7,7,True,5,0.0060024306490310542,99.799999999999997,99.400000000000006,0.39999999999999147,-0.99958468244335519,0.24999999999999645
Variant I,Watts–Strogatz,Baseline,Watts–Strogatz,Watts–Strogatz,7,7,False,5,0.0020123103607416759,100,100,0,-1.0000000000000009,0
Variant I,Watts–Strogatz,LCF-full,Watts–Strogatz,Watts–Strogatz,7,7,True,5,0.0024634504318237216,99.799999999999997,86.799999999999997,13,0.260428691484349,11.199999999999999
Variant I,Watts–Strogatz,LCF-full,Watts–Strogatz,Watts–Strogatz,7,7,False,5,0.00040516805648804777,100,100,0,2.0000000000000018,0
Variant I,Watts–Strogatz,LCF-active,Watts–Strogatz,Watts–Strogatz,7,7,True,5,0.0022644112110138392,99.799999999999997,88,11.799999999999997,0.026871925669524899,10.099999999999998
Variant I,Watts–Strogatz,LCF-active,Watts–Strogatz,Watts–Strogatz,7,7,False,5,0.00022334814071656162,100,100,0,1.4000000000000012,0
Variant I,Watts–Strogatz,EO,Watts–Strogatz,Watts–Strogatz,7,7,True,5,0.028098764450549929,47.599999999999994,43.799999999999997,3.7999999999999972,6.5519358428302805,1.5499999999999972
Variant I,Watts–Strogatz,EO,Watts–Strogatz,Watts–Strogatz,7,7,False,5,0.00055183283532878047,100,100,0,4.0000000000000036,0
Variant I,Watts–Strogatz,DP,Watts–Strogatz,Watts–Strogatz,7,7,True,5,0.046624543334346069,53.600000000000001,47.199999999999996,6.4000000000000057,5.9132304578800916,4.4000000000000057
Variant I,Watts–Strogatz,DP,Watts–Strogatz,Watts–Strogatz,7,7,False,5,0.0010101319307336265,100,100,0,4.5999999999999925,0
Variant I,Watts–Strogatz,Baseline,Watts–Strogatz,Watts–Strogatz,13,13,True,5,0.011763566712748363,100,99,1,0.81010101010100533,0.89999999999999858
Variant I,Watts–Strogatz,Baseline,Watts–Strogatz,Watts–Strogatz,13,13,False,5,0.0018608186696928986,100,100,0,0.80000000000000071,0
Variant I,Watts–Strogatz,LCF-full,Watts–Strogatz,Watts–Strogatz,13,13,True,5,0.0081347538232803274,99.599999999999994,87.200000000000003,12.399999999999991,1.1467889908256867,10.449999999999996
Variant I,Watts–Strogatz,LCF-full,Watts–Strogatz,Watts–Strogatz,13,13,False,5,0.00020104563236233997,100,100,0,2.4000000000000021,0
Variant I,Watts–Strogatz,LCF-active,Watts–Strogatz,Watts–Strogatz,13,13,True,5,0.0061160491704941311,99.799999999999997,90,9.7999999999999972,1.1111111111111072,8.649999999999995
Variant I,Watts–Strogatz,LCF-active,Watts–Strogatz,Watts–Strogatz,13,13,False,5,0.00012227296829225853,100,100,0,2.200000000000002,0
Variant I,Watts–Strogatz,EO,Watts–Strogatz,Watts–Strogatz,13,13,True,5,0.050598376953795543,48.199999999999996,41,7.1999999999999957,1.024187835239343,4.6000000000000014
Variant I,Watts–Strogatz,EO,Watts–Strogatz,Watts–Strogatz,13,13,False,5,0.0005517850522950285,100,100,0,1.4000000000000012,0
Variant I,Watts–Strogatz,DP,Watts–Strogatz,Watts–Strogatz,13,13,True,5,0.080394503548364582,57.199999999999996,46.200000000000003,10.999999999999993,-1.4485514485514495,6.8000000000000007
Variant I,Watts–Strogatz,DP,Watts–Strogatz,Watts–Strogatz,13,13,False,5,0.0010100038893031682,100,100,0,1.8000000000000016,0
Variant I,Watts–Strogatz,Baseline,Watts–Strogatz,Watts–Strogatz,42,42,True,5,0.0098505833316334668,100,99.200000000000003,0.79999999999999716,1.0080645161290369,0.60000000000000142
Variant I,Watts–Strogatz,Baseline,Watts–Strogatz,Watts–Strogatz,42,42,False,5,0.0019745066019526414,100,100,0,1.0000000000000009,0
Variant I,Watts–Strogatz,LCF-full,Watts–Strogatz,Watts–Strogatz,42,42,True,5,0.0063234499692916835,99.599999999999994,87.599999999999994,12,1.5981735159817378,10.800000000000001
Variant I,Watts–Strogatz,LCF-full,Watts–Strogatz,Watts–Strogatz,42,42,False,5,0.00032713067531586759,100,100,0,2.4000000000000021,0
Variant I,Watts–Strogatz,LCF-active,Watts–Strogatz,Watts–Strogatz,42,42,True,5,0.002247767448425253,99.599999999999994,89.799999999999997,9.7999999999999972,0.44543429844098315,9.0499999999999936
Variant I,Watts–Strogatz,LCF-active,Watts–Strogatz,Watts–Strogatz,42,42,False,5,0.00011337351799012296,100,100,0,1.2000000000000011,0
Variant I,Watts–Strogatz,EO,Watts–Strogatz,Watts–Strogatz,42,42,True,5,0.029381914588108293,50.200000000000003,45.800000000000004,4.3999999999999986,1.8667687329285476,4.7499999999999964
Variant I,Watts–Strogatz,EO,Watts–Strogatz,Watts–Strogatz,42,42,False,5,0.00055177545980500398,100,100,0,0.60000000000000053,0
Variant I,Watts–Strogatz,DP,Watts–Strogatz,Watts–Strogatz,42,42,True,5,0.020111402523255384,55.400000000000006,52.800000000000004,2.6000000000000014,0.57570287714692192,2.8999999999999986
Variant I,Watts–Strogatz,DP,Watts–Strogatz,Watts–Strogatz,42,42,False,5,0.0010096991982420089,100,100,0,0,0
Variant I,Watts–Strogatz,Baseline,Watts–Strogatz,Watts–Strogatz,99,99,True,5,0.0059103412095741215,99.599999999999994,99.200000000000003,0.39999999999999147,-0.39836766420521252,0.34999999999999432
Variant I,Watts–Strogatz,Baseline,Watts–Strogatz,Watts–Strogatz,99,99,False,5,0.0019675606159053061,100,100,0,-0.40000000000000036,0
Variant I,Watts–Strogatz,LCF-full,Watts–Strogatz,Watts–Strogatz,99,99,True,5,0.0083259677886963201,99.599999999999994,85.599999999999994,14,1.668355665653265,12.249999999999996
Variant I,Watts–Strogatz,LCF-full,Watts–Strogatz,Watts–Strogatz,99,99,False,5,0.0004229265451431985,100,100,0,3.0000000000000027,0
Variant I,Watts–Strogatz,LCF-active,Watts–Strogatz,Watts–Strogatz,99,99,True,5,0.010123655676841703,99.799999999999997,86.799999999999997,13,0.92165898617511122,11.599999999999998
Variant I,Watts–Strogatz,LCF-active,Watts–Strogatz,Watts–Strogatz,99,99,False,5,0.00023837816715233107,100,100,0,2.4000000000000021,0
Variant I,Watts–Strogatz,EO,Watts–Strogatz,Watts–Strogatz,99,99,True,5,0.016165994274261464,49,47.199999999999996,1.8000000000000043,1.6845382220684879,3.699999999999994
Variant I,Watts–Strogatz,EO,Watts–Strogatz,Watts–Strogatz,99,99,False,5,0.0005516319776481815,100,100,0,-0.40000000000000036,0
Variant I,Watts–Strogatz,DP,Watts–Strogatz,Watts–Strogatz,99,99,True,5,0.021542126067185696,55.000000000000007,52,3.0000000000000071,-3.1538461538461515,3.8500000000000068
Variant I,Watts–Strogatz,DP,Watts–Strogatz,Watts–Strogatz,99,99,False,5,0.0010090166966350012,100,100,0,-1.6000000000000014,0
Variant II,Base (80/20),Baseline,Base (80/20),Base (80/20),2026,2026,True,5,0.0029606007424327618,100,99.400000000000006,0.59999999999999432,0.6072434607645838,0.35000000000000142
Variant II,Base (80/20),Baseline,Base (80/20),Base (80/20),2026,2026,False,5,0.00098820941516375438,100,100,0,0.60000000000000053,0
Variant II,Base (80/20),LCF-full,Base (80/20),Base (80/20),2026,2026,True,5,0.0021091053485871036,100,84.599999999999994,15.400000000000006,0.47281323877068626,13.450000000000003
Variant II,Base (80/20),LCF-full,Base (80/20),Base (80/20),2026,2026,False,5,0.00011790204048156561,100,100,0,1.2000000000000011,0
Variant II,Base (80/20),LCF-active,Base (80/20),Base (80/20),2026,2026,True,5,0.0021058276891707806,100,84.599999999999994,15.400000000000006,0.47281323877068626,13.450000000000003
Variant II,Base (80/20),LCF-active,Base (80/20),Base (80/20),2026,2026,False,5,0.00011430335044859685,100,100,0,1.2000000000000011,0
Variant II,Base (80/20),EO,Base (80/20),Base (80/20),2026,2026,True,5,0.026260500177336943,44.200000000000003,48.199999999999996,3.9999999999999929,-7.7936951991137926,3.1499999999999968
Variant II,Base (80/20),EO,Base (80/20),Base (80/20),2026,2026,False,5,0.00045743157581601412,100,100,0,-6.399999999999995,0
Variant II,Base (80/20),DP,Base (80/20),Base (80/20),2026,2026,True,5,0.031716098547246496,48,53,5,-6.9182389937106903,3.8499999999999979
Variant II,Base (80/20),DP,Base (80/20),Base (80/20),2026,2026,False,5,0.00083758854025328677,100,100,0,-5.3999999999999932,0
Variant II,Base (80/20),Baseline,Base (80/20),Base (80/20),7,7,True,5,0.005000030033267211,100,99,1,1.6222222222222249,0.75
Variant II,Base (80/20),Baseline,Base (80/20),Base (80/20),7,7,False,5,0.0010153499824828716,100,100,0,1.6000000000000014,0
Variant II,Base (80/20),LCF-full,Base (80/20),Base (80/20),7,7,True,5,0.010128141283988978,100,84,16,0.952380952380949,14.149999999999999
Variant II,Base (80/20),LCF-full,Base (80/20),Base (80/20),7,7,False,5,0.00014254808425906429,100,100,0,3.0000000000000027,0
Variant II,Base (80/20),LCF-active,Base (80/20),Base (80/20),7,7,True,5,0.010124154567718535,100,84.200000000000003,15.799999999999997,0.95011876484560887,14
Variant II,Base (80/20),LCF-active,Base (80/20),Base (80/20),7,7,False,5,0.00013812744617469619,100,100,0,3.0000000000000027,0
Variant II,Base (80/20),EO,Base (80/20),Base (80/20),7,7,True,5,0.030373319631901818,43.200000000000003,47.799999999999997,4.5999999999999943,1.9913218657988563,2.2499999999999982
Variant II,Base (80/20),EO,Base (80/20),Base (80/20),7,7,False,5,0.00045742687478866895,100,100,0,3.400000000000003,0
Variant II,Base (80/20),DP,Base (80/20),Base (80/20),7,7,True,5,0.029223886707199276,47.399999999999999,52,4.6000000000000014,2.3872119441739725,2.2000000000000028
Variant II,Base (80/20),DP,Base (80/20),Base (80/20),7,7,False,5,0.00083753786974938293,100,100,0,2.399999999999991,0
Variant II,Base (80/20),Baseline,Base (80/20),Base (80/20),13,13,True,5,0.0029764928011856151,99.599999999999994,100,0.40000000000000568,0.79919678714859277,0.30000000000000426
Variant II,Base (80/20),Baseline,Base (80/20),Base (80/20),13,13,False,5,0.00099716237785107964,100,100,0,0.80000000000000071,0
Variant II,Base (80/20),LCF-full,Base (80/20),Base (80/20),13,13,True,5,0.0078154128789901245,99.599999999999994,83.799999999999997,15.799999999999997,0.71599045346062429,13.999999999999996
Variant II,Base (80/20),LCF-full,Base (80/20),Base (80/20),13,13,False,5,0.00017981171607972524,100,100,0,2.4000000000000021,0
Variant II,Base (80/20),LCF-active,Base (80/20),Base (80/20),13,13,True,5,0.0078288408517837027,99.599999999999994,84.200000000000003,15.399999999999991,0.71258907363420665,13.599999999999994
Variant II,Base (80/20),LCF-active,Base (80/20),Base (80/20),13,13,False,5,0.00016655504703522173,100,100,0,2.4000000000000021,0
Variant II,Base (80/20),EO,Base (80/20),Base (80/20),13,13,True,5,0.02364383304716039,42.399999999999999,46,3.6000000000000014,-10.529122231337162,3.3999999999999986
Variant II,Base (80/20),EO,Base (80/20),Base (80/20),13,13,False,5,0.00045745487263115781,100,100,0,-3.8000000000000034,0
Variant II,Base (80/20),DP,Base (80/20),Base (80/20),13,13,True,5,0.0092999622793440428,47.399999999999999,49.600000000000001,2.2000000000000028,-8.8301347488770947,2.3000000000000007
Variant II,Base (80/20),DP,Base (80/20),Base (80/20),13,13,False,5,0.00083778189498506794,100,100,0,-4.3999999999999932,0
Variant II,Base (80/20),Baseline,Base (80/20),Base (80/20),42,42,True,5,0.0010102700980936241,100,99.599999999999994,0.40000000000000568,0.60240963855421326,0.10000000000000142
Variant II,Base (80/20),Baseline,Base (80/20),Base (80/20),42,42,False,5,0.0010102700980936241,100,100,0,0.60000000000000053,0
Variant II,Base (80/20),LCF-full,Base (80/20),Base (80/20),42,42,True,5,0.00016577935218808904,100,89.400000000000006,10.599999999999994,0.22371364653244186,9.8499999999999943
Variant II,Base (80/20),LCF-full,Base (80/20),Base (80/20),42,42,False,5,0.00016577935218808904,100,100,0,1.6000000000000014,0
Variant II,Base (80/20),LCF-active,Base (80/20),Base (80/20),42,42,True,5,0.00016056609153747292,100,89.400000000000006,10.599999999999994,0.22371364653244186,9.8499999999999943
Variant II,Base (80/20),LCF-active,Base (80/20),Base (80/20),42,42,False,5,0.00016056609153747292,100,100,0,1.6000000000000014,0
Variant II,Base (80/20),EO,Base (80/20),Base (80/20),42,42,True,5,0.031647609650879482,42.799999999999997,47.799999999999997,5,7.5763500567004316,6.449999999999994
Variant II,Base (80/20),EO,Base (80/20),Base (80/20),42,42,False,5,0.00045731493295497749,100,100,0,1.7999999999999905,0
Variant II,Base (80/20),DP,Base (80/20),Base (80/20),42,42,True,5,0.0037704420562590379,50.200000000000003,50.799999999999997,0.59999999999999432,6.4199893340025742,4.149999999999995
Variant II,Base (80/20),DP,Base (80/20),Base (80/20),42,42,False,5,0.0008369606303921806,100,100,0,1.8000000000000016,0
Variant II,Base (80/20),Baseline,Base (80/20),Base (80/20),99,99,True,5,0.00097025895378322069,99.400000000000006,98.799999999999997,0.60000000000000853,-0.39874876791110569,0.50000000000000355
Variant II,Base (80/20),Baseline,Base (80/20),Base (80/20),99,99,False,5,0.0010200711320520472,100,100,0,-0.40000000000000036,0
Variant II,Base (80/20),LCF-full,Base (80/20),Base (80/20),99,99,True,5,0.0081007744073867682,99.599999999999994,84.200000000000003,15.399999999999991,0.23752969121140222,14.299999999999994
Variant II,Base (80/20),LCF-full,Base (80/20),Base (80/20),99,99,False,5,0.0010720306634902643,100,100,0,1.4000000000000012,0
Variant II,Base (80/20),LCF-active,Base (80/20),Base (80/20),99,99,True,5,0.0080971825122833074,99.599999999999994,84.200000000000003,15.399999999999991,0.23752969121140222,14.299999999999994
Variant II,Base (80/20),LCF-active,Base (80/20),Base (80/20),99,99,False,5,0.0010640290975570954,100,100,0,1.4000000000000012,0
Variant II,Base (80/20),EO,Base (80/20),Base (80/20),99,99,True,5,0.002811884920391361,45.399999999999999,45,0.39999999999999858,-2.7978463044542323,2.8499999999999979
Variant II,Base (80/20),EO,Base (80/20),Base (80/20),99,99,False,5,0.00045758545559826391,100,100,0,-4.7999999999999936,0
Variant II,Base (80/20),DP,Base (80/20),Base (80/20),99,99,True,5,0.0010383780757615146,51.399999999999999,51.800000000000004,0.40000000000000568,-4.8795877589651866,1.8000000000000007
Variant II,Base (80/20),DP,Base (80/20),Base (80/20),99,99,False,5,0.00083771306288782377,100,100,0,-4.1999999999999922,0
Variant II,Erdős–Rényi,Baseline,Erdős–Rényi,Erdős–Rényi,2026,2026,True,5,0.0069463886522522778,100,99.400000000000006,0.59999999999999432,0.6072434607645838,0.35000000000000142
Variant II,Erdős–Rényi,Baseline,Erdős–Rényi,Erdős–Rényi,2026,2026,False,5,0.0009871361874264073,100,100,0,0.60000000000000053,0
Variant II,Erdős–Rényi,LCF-full,Erdős–Rényi,Erdős–Rényi,2026,2026,True,5,0.0061065214872360052,100,87.400000000000006,12.599999999999994,0.68649885583523806,10.749999999999996
Variant II,Erdős–Rényi,LCF-full,Erdős–Rényi,Erdős–Rényi,2026,2026,False,5,0.00011772406101229205,100,100,0,1.2000000000000011,0
Variant II,Erdős–Rényi,LCF-active,Erdős–Rényi,Erdős–Rényi,2026,2026,True,5,0.0061028485298156854,100,87.400000000000006,12.599999999999994,0.68649885583523806,10.749999999999996
Variant II,Erdős–Rényi,LCF-active,Erdős–Rényi,Erdős–Rényi,2026,2026,False,5,0.00011358106136316604,100,100,0,1.2000000000000011,0
Variant II,Erdős–Rényi,EO,Erdős–Rényi,Erdős–Rényi,2026,2026,True,5,0.0050596580713286321,46.800000000000004,47.599999999999994,0.79999999999999005,-9.4555771026359263,3.5499999999999918
Variant II,Erdős–Rényi,EO,Erdős–Rényi,Erdős–Rényi,2026,2026,False,5,0.00045559401663530785,100,100,0,-6.399999999999995,0
Variant II,Erdős–Rényi,DP,Erdős–Rényi,Erdős–Rényi,2026,2026,True,5,0.0060767799416173718,52.600000000000001,51.800000000000004,0.79999999999999716,-8.7672680828574379,1.1500000000000004
Variant II,Erdős–Rényi,DP,Erdős–Rényi,Erdős–Rényi,2026,2026,False,5,0.00083426303375544464,100,100,0,-5.3999999999999932,0
Variant II,Erdős–Rényi,Baseline,Erdős–Rényi,Erdős–Rényi,7,7,True,5,0.0049853543573450398,100,97.399999999999991,2.6000000000000085,1.6587268993839777,1.600000000000005
Variant II,Erdős–Rényi,Baseline,Erdős–Rényi,Erdős–Rényi,7,7,False,5,0.0010141636874909654,100,100,0,1.6000000000000014,0
Variant II,Erdős–Rényi,LCF-full,Erdős–Rényi,Erdős–Rényi,7,7,True,5,0.016123169422149752,100,85.200000000000003,14.799999999999997,0.93896713615023719,12.399999999999999
Variant II,Erdős–Rényi,LCF-full,Erdős–Rényi,Erdős–Rényi,7,7,False,5,0.00014235961437225608,100,100,0,3.0000000000000027,0
Variant II,Erdős–Rényi,LCF-active,Erdős–Rényi,Erdős–Rényi,7,7,True,5,0.016118828535079954,100,85.399999999999991,14.600000000000009,0.93676814988290502,12.25
Variant II,Erdős–Rényi,LCF-active,Erdős–Rényi,Erdős–Rényi,7,7,False,5,0.00013730597496031116,100,100,0,3.0000000000000027,0
Variant II,Erdős–Rényi,EO,Erdős–Rényi,Erdős–Rényi,7,7,True,5,0.030391328759750647,45,49.600000000000001,4.6000000000000014,4.4139784946236604,4.5499999999999989
Variant II,Erdős–Rényi,EO,Erdős–Rényi,Erdős–Rényi,7,7,False,5,0.00045558935521250454,100,100,0,3.400000000000003,0
Variant II,Erdős–Rényi,DP,Erdős–Rényi,Erdős–Rényi,7,7,True,5,0.015108295442298192,51.200000000000003,54.400000000000006,3.2000000000000028,1.9301470588235281,3.550000000000006
Variant II,Erdős–Rényi,DP,Erdős–Rényi,Erdős–Rényi,7,7,False,5,0.00083421277459994059,100,100,0,2.399999999999991,0
Variant II,Erdős–Rényi,Baseline,Erdős–Rényi,Erdős–Rényi,13,13,True,5,0.00099605742385888707,100,100,0,0.80000000000000071,0
Variant II,Erdős–Rényi,Baseline,Erdős–Rényi,Erdős–Rényi,13,13,False,5,0.00099605742385888707,100,100,0,0.80000000000000071,0
Variant II,Erdős–Rényi,LCF-full,Erdős–Rényi,Erdős–Rényi,13,13,True,5,0.0038160020112991688,99.599999999999994,86.200000000000003,13.399999999999991,0.69605568445475496,11.949999999999996
Variant II,Erdős–Rényi,LCF-full,Erdős–Rényi,Erdős–Rényi,13,13,False,5,0.00017958271503448753,100,100,0,2.4000000000000021,0
Variant II,Erdős–Rényi,LCF-active,Erdős–Rényi,Erdős–Rényi,13,13,True,5,0.0038299882411956254,99.599999999999994,86.400000000000006,13.199999999999989,0.69444444444444198,11.799999999999994
Variant II,Erdős–Rényi,LCF-active,Erdős–Rényi,Erdős–Rényi,13,13,False,5,0.00016576182842253928,100,100,0,2.4000000000000021,0
Variant II,Erdős–Rényi,EO,Erdős–Rényi,Erdős–Rényi,13,13,True,5,0.014808133980757143,44.399999999999999,42.399999999999999,2,-9.4722080571137184,1.5
Variant II,Erdős–Rényi,EO,Erdős–Rényi,Erdős–Rényi,13,13,False,5,0.00045561711836350494,100,100,0,-3.8000000000000034,0
Variant II,Erdős–Rényi,DP,Erdős–Rényi,Erdős–Rényi,13,13,True,5,0.028559404238884589,52.200000000000003,48.600000000000001,3.6000000000000014,-8.0885483184333751,2.6500000000000021
Variant II,Erdős–Rényi,DP,Erdős–Rényi,Erdős–Rényi,13,13,False,5,0.00083445478995969324,100,100,0,-4.3999999999999932,0
Variant II,Erdős–Rényi,Baseline,Erdős–Rényi,Erdős–Rényi,42,42,True,5,0.0049799459736741269,100,99.599999999999994,0.40000000000000568,0.60240963855421326,0.30000000000000426
Variant II,Erdős–Rényi,Baseline,Erdős–Rényi,Erdős–Rényi,42,42,False,5,0.0010091108831119522,100,100,0,0.60000000000000053,0
Variant II,Erdős–Rényi,LCF-full,Erdős–Rényi,Erdős–Rényi,42,42,True,5,0.00016557216644286221,100,91.200000000000003,8.7999999999999972,0.21929824561403022,7.6499999999999986
Variant II,Erdős–Rényi,LCF-full,Erdős–Rényi,Erdős–Rényi,42,42,False,5,0.00016557216644286221,100,100,0,1.6000000000000014,0
Variant II,Erdős–Rényi,LCF-active,Erdős–Rényi,Erdős–Rényi,42,42,True,5,0.00015964698791504084,100,91.200000000000003,8.7999999999999972,0.21929824561403022,7.6499999999999986
Variant II,Erdős–Rényi,LCF-active,Erdős–Rényi,Erdős–Rényi,42,42,False,5,0.00015964698791504084,100,100,0,1.6000000000000014,0
Variant II,Erdős–Rényi,EO,Erdős–Rényi,Erdős–Rényi,42,42,True,5,0.021094403451079324,45,49.200000000000003,4.2000000000000028,6.5907859078590754,4.0499999999999954
Variant II,Erdős–Rényi,EO,Erdős–Rényi,Erdős–Rényi,42,42,False,5,0.00045547835143544546,100,100,0,1.7999999999999905,0
Variant II,Erdős–Rényi,DP,Erdős–Rényi,Erdős–Rényi,42,42,True,5,0.026224352842646903,51,55.400000000000006,4.4000000000000057,9.0550010617965633,3.8500000000000068
Variant II,Erdős–Rényi,DP,Erdős–Rényi,Erdős–Rényi,42,42,False,5,0.00083364029626975533,100,100,0,1.8000000000000016,0
Variant II,Erdős–Rényi,Baseline,Erdős–Rényi,Erdős–Rényi,99,99,True,5,0.0069702295196200081,100,99,1,-0.39393939393939092,0.69999999999999929
Variant II,Erdős–Rényi,Baseline,Erdős–Rényi,Erdős–Rényi,99,99,False,5,0.0010189061602808858,100,100,0,-0.40000000000000036,0
Variant II,Erdős–Rényi,LCF-full,Erdős–Rényi,Erdős–Rényi,99,99,True,5,0.014111433863639888,100,86.400000000000006,13.599999999999994,0.23148148148147696,12.5
Variant II,Erdős–Rényi,LCF-full,Erdős–Rényi,Erdős–Rényi,99,99,False,5,0.0010721582174301192,100,100,0,1.4000000000000012,0
Variant II,Erdős–Rényi,LCF-active,Erdős–Rényi,Erdős–Rényi,99,99,True,5,0.014106769800186103,100,86.400000000000006,13.599999999999994,0,12.5
Variant II,Erdős–Rényi,LCF-active,Erdős–Rényi,Erdős–Rényi,99,99,False,5,0.0010668042898177577,100,100,0,1.2000000000000011,0
Variant II,Erdős–Rényi,EO,Erdős–Rényi,Erdős–Rényi,99,99,True,5,0.022781895955920117,47.399999999999999,44,3.3999999999999986,-5.2800153433064771,5.2999999999999936
Variant II,Erdős–Rényi,EO,Erdős–Rényi,Erdős–Rényi,99,99,False,5,0.00045574660711655834,100,100,0,-4.7999999999999936,0
Variant II,Erdős–Rényi,DP,Erdős–Rényi,Erdős–Rényi,99,99,True,5,0.0051849867593648513,50.600000000000001,52.600000000000001,2,-5.8101263920407593,4.100000000000005
Variant II,Erdős–Rényi,DP,Erdős–Rényi,Erdős–Rényi,99,99,False,5,0.00083438652203338126,100,100,0,-4.1999999999999922,0
Variant II,Watts–Strogatz,Baseline,Watts–Strogatz,Watts–Strogatz,2026,2026,True,5,0.0049394460224796433,100,99,1,0.61212121212120829,0.54999999999999716
Variant II,Watts–Strogatz,Baseline,Watts–Strogatz,Watts–Strogatz,2026,2026,False,5,0.00098652145881661379,100,100,0,0.60000000000000053,0
Variant II,Watts–Strogatz,LCF-full,Watts–Strogatz,Watts–Strogatz,2026,2026,True,5,0.0021093090772629219,100,88.599999999999994,11.400000000000006,0.22573363431150906,10.150000000000002
Variant II,Watts–Strogatz,LCF-full,Watts–Strogatz,Watts–Strogatz,2026,2026,False,5,0.00011812674999245321,100,100,0,1.2000000000000011,0
Variant II,Watts–Strogatz,LCF-active,Watts–Strogatz,Watts–Strogatz,2026,2026,True,5,0.0021046313047409226,100,88.599999999999994,11.400000000000006,0.22573363431150906,10.150000000000002
Variant II,Watts–Strogatz,LCF-active,Watts–Strogatz,Watts–Strogatz,2026,2026,False,5,0.0001129809617996802,100,100,0,1.2000000000000011,0
Variant II,Watts–Strogatz,EO,Watts–Strogatz,Watts–Strogatz,2026,2026,True,5,0.006377854375748726,44.800000000000004,45.800000000000004,1,-10.493995633187769,2.899999999999995
Variant II,Watts–Strogatz,EO,Watts–Strogatz,Watts–Strogatz,2026,2026,False,5,0.00045547022055769659,100,100,0,-6.399999999999995,0
Variant II,Watts–Strogatz,DP,Watts–Strogatz,Watts–Strogatz,2026,2026,True,5,0.017355390186707453,52.600000000000001,50.200000000000003,2.3999999999999986,-12.235468771302616,2.6000000000000032
Variant II,Watts–Strogatz,DP,Watts–Strogatz,Watts–Strogatz,2026,2026,False,5,0.00083403765048761791,100,100,0,-5.3999999999999932,0
Variant II,Watts–Strogatz,Baseline,Watts–Strogatz,Watts–Strogatz,7,7,True,5,0.0010134042432140555,100,99.799999999999997,0.20000000000000284,1.6044088176352722,0.050000000000000711
Variant II,Watts–Strogatz,Baseline,Watts–Strogatz,Watts–Strogatz,7,7,False,5,0.0010134042432140555,100,100,0,1.6000000000000014,0
Variant II,Watts–Strogatz,LCF-full,Watts–Strogatz,Watts–Strogatz,7,7,True,5,0.0061264871358871487,100,87.400000000000006,12.599999999999994,0.91533180778031742,10.899999999999995
Variant II,Watts–Strogatz,LCF-full,Watts–Strogatz,Watts–Strogatz,7,7,False,5,0.00014278709888460028,100,100,0,3.0000000000000027,0
Variant II,Watts–Strogatz,LCF-active,Watts–Strogatz,Watts–Strogatz,7,7,True,5,0.0061211146116256776,100,87.400000000000006,12.599999999999994,0.91533180778031742,10.899999999999995
Variant II,Watts–Strogatz,LCF-active,Watts–Strogatz,Watts–Strogatz,7,7,False,5,0.0001366636753082906,100,100,0,3.0000000000000027,0
Variant II,Watts–Strogatz,EO,Watts–Strogatz,Watts–Strogatz,7,7,True,5,0.015684412444339046,42.399999999999999,44.800000000000004,2.4000000000000057,5.9720350404312672,3.0500000000000007
Variant II,Watts–Strogatz,EO,Watts–Strogatz,Watts–Strogatz,7,7,False,5,0.00045546557667963672,100,100,0,3.400000000000003,0
Variant II,Watts–Strogatz,DP,Watts–Strogatz,Watts–Strogatz,7,7,True,5,0.0065637707645852528,48.600000000000001,49.399999999999999,0.79999999999999716,6.4227520367871165,1.7000000000000011
Variant II,Watts–Strogatz,DP,Watts–Strogatz,Watts–Strogatz,7,7,False,5,0.00083398757354447017,100,100,0,2.399999999999991,0
Variant II,Watts–Strogatz,Baseline,Watts–Strogatz,Watts–Strogatz,13,13,True,5,0.0009954002087957381,100,99.599999999999994,0.40000000000000568,0.80401606425702932,0.30000000000000426
Variant II,Watts–Strogatz,Baseline,Watts–Strogatz,Watts–Strogatz,13,13,False,5,0.0009954002087957381,100,100,0,0.80000000000000071,0
Variant II,Watts–Strogatz,LCF-full,Watts–Strogatz,Watts–Strogatz,13,13,True,5,0.0018191562891005653,99.799999999999997,86.400000000000006,13.399999999999991,0.69444444444444198,11.549999999999994
Variant II,Watts–Strogatz,LCF-full,Watts–Strogatz,Watts–Strogatz,13,13,False,5,0.00018009674549102073,100,100,0,2.4000000000000021,0
Variant II,Watts–Strogatz,LCF-active,Watts–Strogatz,Watts–Strogatz,13,13,True,5,0.0018343136310577934,99.799999999999997,86.799999999999997,13,0.69124423963133896,11.349999999999994
Variant II,Watts–Strogatz,LCF-active,Watts–Strogatz,Watts–Strogatz,13,13,False,5,0.00016497993469233307,100,100,0,2.4000000000000021,0
Variant II,Watts–Strogatz,EO,Watts–Strogatz,Watts–Strogatz,13,13,True,5,0.017031550814594953,43.200000000000003,45.800000000000004,2.6000000000000014,-8.3474850396247806,3.8499999999999961
Variant II,Watts–Strogatz,EO,Watts–Strogatz,Watts–Strogatz,13,13,False,5,0.00045549323576865586,100,100,0,-3.8000000000000034,0
Variant II,Watts–Strogatz,DP,Watts–Strogatz,Watts–Strogatz,13,13,True,5,0.0017839811453024823,49.799999999999997,49.799999999999997,0,-4.8192771084337283,0.90000000000000036
Variant II,Watts–Strogatz,DP,Watts–Strogatz,Watts–Strogatz,13,13,False,5,0.00083422869792026955,100,100,0,-4.3999999999999932,0
Variant II,Watts–Strogatz,Baseline,Watts–Strogatz,Watts–Strogatz,42,42,True,5,0.0010084707563161599,100,100,0,0.60000000000000053,0
Variant II,Watts–Strogatz,Baseline,Watts–Strogatz,Watts–Strogatz,42,42,False,5,0.0010084707563161599,100,100,0,0.60000000000000053,0
Variant II,Watts–Strogatz,LCF-full,Watts–Strogatz,Watts–Strogatz,42,42,True,5,0.00016603744029997092,100,89.200000000000003,10.799999999999997,0.22421524663677195,9.3499999999999979
Variant II,Watts–Strogatz,LCF-full,Watts–Strogatz,Watts–Strogatz,42,42,False,5,0.00016603744029997092,100,100,0,1.6000000000000014,0
Variant II,Watts–Strogatz,LCF-active,Watts–Strogatz,Watts–Strogatz,42,42,True,5,0.00015895020961764761,100,89.200000000000003,10.799999999999997,0.22421524663677195,9.3499999999999979
Variant II,Watts–Strogatz,LCF-active,Watts–Strogatz,Watts–Strogatz,42,42,False,5,0.00015895020961764761,100,100,0,1.6000000000000014,0
Variant II,Watts–Strogatz,EO,Watts–Strogatz,Watts–Strogatz,42,42,True,5,0.011805272580911741,46.800000000000004,49.200000000000003,2.3999999999999986,8.8701271628100926,4.0499999999999972
Variant II,Watts–Strogatz,EO,Watts–Strogatz,Watts–Strogatz,42,42,False,5,0.00045535498894477833,100,100,0,1.7999999999999905,0
Variant II,Watts–Strogatz,DP,Watts–Strogatz,Watts–Strogatz,42,42,True,5,0.041653021104957555,52.200000000000003,59.399999999999999,7.1999999999999957,6.6411238825031855,6.5000000000000018
Variant II,Watts–Strogatz,DP,Watts–Strogatz,Watts–Strogatz,42,42,False,5,0.00083341720107554806,100,100,0,1.8000000000000016,0
Variant II,Watts–Strogatz,Baseline,Watts–Strogatz,Watts–Strogatz,99,99,True,5,0.0049914270682317463,100,99.200000000000003,0.79999999999999716,-0.39516129032257652,0.30000000000000071
Variant II,Watts–Strogatz,Baseline,Watts–Strogatz,Watts–Strogatz,99,99,False,5,0.0010182550087356468,100,100,0,-0.40000000000000036,0
Variant II,Watts–Strogatz,LCF-full,Watts–Strogatz,Watts–Strogatz,99,99,True,5,0.0061221511363983572,99.599999999999994,87.799999999999997,11.799999999999997,0.2277904328018221,10.899999999999995
Variant II,Watts–Strogatz,LCF-full,Watts–Strogatz,Watts–Strogatz,99,99,False,5,0.0010717068910598426,100,100,0,1.4000000000000012,0
Variant II,Watts–Strogatz,LCF-active,Watts–Strogatz,Watts–Strogatz,99,99,True,5,0.0061159777641296431,99.599999999999994,87.799999999999997,11.799999999999997,0.2277904328018221,10.899999999999995
Variant II,Watts–Strogatz,LCF-active,Watts–Strogatz,Watts–Strogatz,99,99,False,5,0.0010667392015456523,100,100,0,1.4000000000000012,0
Variant II,Watts–Strogatz,EO,Watts–Strogatz,Watts–Strogatz,99,99,True,5,0.0068982843905154856,48,47,1,-1.8085106382978666,4.0999999999999943
Variant II,Watts–Strogatz,EO,Watts–Strogatz,Watts–Strogatz,99,99,False,5,0.00045562223908535149,100,100,0,-4.7999999999999936,0
Variant II,Watts–Strogatz,DP,Watts–Strogatz,Watts–Strogatz,99,99,True,5,0.012161491408520686,52.200000000000003,53.800000000000004,1.6000000000000014,-2.0268056801834522,3.1999999999999975
Variant II,Watts–Strogatz,DP,Watts–Strogatz,Watts–Strogatz,99,99,False,5,0.0008341606865995832,100,100,0,-4.1999999999999922,0
