dataset,network,model,opt_out,unfairness_mean,unfairness_std,retention_disparity_mean,retention_disparity_std,average_retention_disparity_mean,average_retention_disparity_std
Base,Base (80/20),Baseline,False,0.0017998334359303979,2.5827824675200804e-05,0,0,0,0
Base,Base (80/20),Baseline,True,0.0046805370603915765,0.0016972717238901245,0.6799999999999955,0.20396078054371428,0.46999999999999958,0.2249444375840402
Base,Base (80/20),DP,False,0.0011426313800120935,5.0257300812018962e-07,0,0,0,0
Base,Base (80/20),DP,True,0.021537422190218414,0.012020665734257616,3.4400000000000035,1.6989408465276252,3.3800000000000012,0.94794514609232505
Base,Base (80/20),EO,False,0.00062861435456902366,1.21375931219244e-07,0,0,0,0
Base,Base (80/20),EO,True,0.024749549890222898,0.012666140704349665,3.7999999999999985,2.0630075133164198,3.7499999999999987,1.6437761404765554
Base,Base (80/20),LCF-active,False,0.00040265469551088452,0.00016143097104199641,0,0,0,0
Base,Base (80/20),LCF-active,True,0.0070827035903930687,0.0014802126162879725,14.640000000000006,1.2800000000000018,13.000000000000004,1.3352902306240384
Base,Base (80/20),LCF-full,False,0.0004158614873886357,0.00015894030541976464,0,0,0,0
Base,Base (80/20),LCF-full,True,0.0070893457651138416,0.0014737264244290354,14.720000000000004,1.4062716664997548,13.060000000000002,1.4104609175726912
Base,Erdős–Rényi,Baseline,False,0.0017969371789617438,2.5911109669721861e-05,0,0,0,0
Base,Erdős–Rényi,Baseline,True,0.0046156528530030497,0.0039936144460959114,1.1999999999999971,0.6066300355241262,0.88999999999999846,0.58172158288995912
Base,Erdős–Rényi,DP,False,0.0011465200724092961,5.0598254794430844e-07,0,0,0,0
Base,Erdős–Rényi,DP,True,0.017514361025331861,0.0067029495698714189,2.5600000000000009,1.1056219968868219,3.1300000000000017,1.1830469136936221
Base,Erdős–Rényi,EO,False,0.00063077650777199068,1.2221188904979114e-07,0,0,0,0
Base,Erdős–Rényi,EO,True,0.018616105916039814,0.010983871312008195,2.6399999999999979,1.8607525359380801,3.6499999999999964,1.2324771803161294
Base,Erdős–Rényi,LCF-active,False,0.00041211891174319781,0.00015947566359797929,0,0,0,0
Base,Erdős–Rényi,LCF-active,True,0.0082684272050857818,0.0056014629008989299,13.080000000000002,2.0301724064719209,11.4,1.9284708968506621
Base,Erdős–Rényi,LCF-full,False,0.00042075793743134859,0.00016043426072619678,0,0,0,0
Base,Erdős–Rényi,LCF-full,True,0.0082736157178878722,0.0056031504008854762,13.160000000000002,1.9283153269110282,11.479999999999999,1.8112426673419557
Base,Watts–Strogatz,Baseline,False,0.0017769635124555538,2.4724228961154732e-05,0,0,0,0
Base,Watts–Strogatz,Baseline,True,0.0026885764829762903,0.0028194961294625491,0.55999999999999939,0.26532998322843021,0.40000000000000002,0.12247448713915747
Base,Watts–Strogatz,DP,False,0.0011265241354826427,4.8857709033361777e-07,0,0,0,0
Base,Watts–Strogatz,DP,True,0.017009701460052262,0.015724517464790994,2.7200000000000002,2.3446961423604544,3.3600000000000008,1.8513238506539065
Base,Watts–Strogatz,EO,False,0.00061959951126646653,1.1792652639985602e-07,0,0,0,0
Base,Watts–Strogatz,EO,True,0.015236361529952924,0.0078597094176976173,2.4400000000000004,1.2611106216347592,4.0499999999999972,0.75564541949250119
Base,Watts–Strogatz,LCF-active,False,0.00041366961002349268,0.00016001057440772251,0,0,0,0
Base,Watts–Strogatz,LCF-active,True,0.0051773701190948266,0.0036792476814895736,12,2.0435263639111709,10.529999999999998,2.0363202105759326
Base,Watts–Strogatz,LCF-full,False,0.00042312943935394196,0.00016072085863149302,0,0,0,0
Base,Watts–Strogatz,LCF-full,True,0.0047743231058120731,0.0029738825295298498,12.119999999999999,1.9041008376659097,10.629999999999999,1.9195311927655692
Variant I,Base (80/20),Baseline,False,0.0019606175446134078,5.0871962778688047e-05,0,0,0,0
Variant I,Base (80/20),Baseline,True,0.0086927559887038704,0.0034677307842827954,0.56000000000000227,0.40792156108742245,0.55000000000000004,0.3209361307176235
Variant I,Base (80/20),DP,False,0.0010137289866272159,4.1874074509873488e-07,0,0,0,0
Variant I,Base (80/20),DP,True,0.022850154431037096,0.015155555619633684,3.3200000000000029,2.1451340284467095,3.080000000000001,1.6536626016210199
Variant I,Base (80/20),EO,False,0.0005539982869579241,7.5932268954030004e-08,0,0,0,0
Variant I,Base (80/20),EO,True,0.020407175628809459,0.0058337277825488681,3.1599999999999993,1.0836973747315262,3.4499999999999984,2.3407263829845641
Variant I,Base (80/20),LCF-active,False,0.00017488021850586843,5.0448005204475769e-05,0,0,0,0
Variant I,Base (80/20),LCF-active,True,0.0052521518707275613,0.0046998033309961842,13.559999999999999,0.99919967974374391,12.27,1.0519505691808915
Variant I,Base (80/20),LCF-full,False,0.00017666916847227653,5.5285619429688217e-05,0,0,0,0
Variant I,Base (80/20),LCF-full,True,0.005250555896759046,0.0046960231374302162,13.6,1.0198039027185575,12.309999999999999,1.0711675872616768
Variant I,Erdős–Rényi,Baseline,False,0.0019476451839137709,4.9361877744329304e-05,0,0,0,0
Variant I,Erdős–Rényi,Baseline,True,0.0023657215914657526,0.0022504134255104816,0.20000000000000284,0.12649110640673697,0.23000000000000256,0.097979589711328363
Variant I,Erdős–Rényi,DP,False,0.0010086317697486802,4.1544277214105382e-07,0,0,0,0
Variant I,Erdős–Rényi,DP,True,0.020616129693212637,0.0093810982388840575,2.8400000000000021,1.0983624174196776,3.2100000000000009,0.95781000203589217
Variant I,Erdős–Rényi,EO,False,0.00055118219467875651,7.5235504957560755e-08,0,0,0,0
Variant I,Erdős–Rényi,EO,True,0.014092528992340859,0.0099022651872514751,1.9600000000000022,1.5094369811290562,2.4599999999999995,1.2741271522104847
Variant I,Erdős–Rényi,LCF-active,False,0.00017437615394593208,5.046179103330024e-05,0,0,0,0
Variant I,Erdős–Rényi,LCF-active,True,0.0036245556592941152,0.00071257051601160209,11.079999999999993,0.82559069762201664,9.7299999999999951,0.75006666370396935
Variant I,Erdős–Rényi,LCF-full,False,0.00026327514648436521,0.00011222462437048355,0,0,0,0
Variant I,Erdős–Rényi,LCF-full,True,0.0048180553197860517,0.0011763505747687561,12.759999999999996,0.98305645819556253,10.999999999999996,0.761577310586393
Variant I,Watts–Strogatz,Baseline,False,0.0019540586977761843,5.0375502428789773e-05,0,0,0,0
Variant I,Watts–Strogatz,Baseline,True,0.0078971142523368565,0.0024519476053271533,0.6799999999999955,0.24000000000000341,0.49999999999999856,0.23021728866442773
Variant I,Watts–Strogatz,DP,False,0.0010096348868291916,4.1640344652497392e-07,0,0,0,0
Variant I,Watts–Strogatz,DP,True,0.035311672162489705,0.025819646026748549,5.0000000000000018,3.368085509603338,4.0200000000000031,1.5907859692617359
Variant I,Watts–Strogatz,EO,False,0.00055173911428130218,7.5413507912444538e-08,0,0,0,0
Variant I,Watts–Strogatz,EO,True,0.027029069520158357,0.013713760068542332,3.7599999999999993,2.0372530525194921,3.1199999999999983,1.5583966119059667
Variant I,Watts–Strogatz,LCF-active,False,0.00017573745250702987,5.0930248909524226e-05,0,0,0,0
Variant I,Watts–Strogatz,LCF-active,True,0.0053100872278213588,0.0029227575728575828,11.16,1.2289833196589786,9.889999999999997,1.0234256201600598
Variant I,Watts–Strogatz,LCF-full,False,0.00028551497459412546,0.00013262887563123346,0,0,0,0
Variant I,Watts–Strogatz,LCF-full,True,0.006174913978576657,0.0021243962039012459,13.199999999999998,0.97159662411928938,11.459999999999997,0.83030115018588257
Variant II,Base (80/20),Baseline,False,0.0010062126011286753,1.1815541843254577e-05,0,0,0,0
Variant II,Base (80/20),Baseline,True,0.0025835305257524864,0.0014975890428419493,0.60000000000000286,0.21908902300206437,0.40000000000000213,0.21679483388678747
Variant II,Base (80/20),DP,False,0.00083751639965354838,2.9110441487596206e-07,0,0,0,0
Variant II,Base (80/20),DP,True,0.015009753533162074,0.012924911732213603,2.5600000000000009,1.9365949499056327,2.8599999999999994,0.9504735661763537
Variant II,Base (80/20),EO,False,0.00045744274235781646,8.6285488224701937e-08,0,0,0,0
Variant II,Base (80/20),EO,True,0.022947429485534,0.010466504188503136,3.5199999999999974,1.6326665305566834,3.6199999999999974,1.4661514246488989
Variant II,Base (80/20),LCF-active,False,0.00032871620655061662,0.00036811756246016628,0,0,0,0
Variant II,Base (80/20),LCF-active,True,0.0056633143424987594,0.0038327082969438005,14.519999999999996,1.966112916391122,13.039999999999997,1.6227754003558237
Variant II,Base (80/20),LCF-full,False,0.00033561437129974169,0.00036880905809805051,0,0,0,0
Variant II,Base (80/20),LCF-full,True,0.0056638426542282129,0.0038304754389677335,14.639999999999997,2.0333224043422153,13.149999999999997,1.6748134224444235
Variant II,Erdős–Rényi,Baseline,False,0.0010050748684338195,1.1775493734379315e-05,0,0,0,0
Variant II,Erdős–Rényi,Baseline,True,0.004975595185350068,0.0021771278319182006,0.92000000000000171,0.89977775033616225,0.59000000000000197,0.55172456896535005
Variant II,Erdős–Rényi,DP,False,0.00083419148332364301,2.8870415099032075e-07,0,0,0,0
Variant II,Erdős–Rényi,DP,True,0.01623076384496238,0.0097799765936976753,2.8000000000000016,1.2649110640673544,3.0600000000000041,1.0734989520255735
Variant II,Erdős–Rényi,EO,False,0.00045560508975266422,8.5562424575004357e-08,0,0,0,0
Variant II,Erdős–Rényi,EO,True,0.018827084043767171,0.0084877206353882375,2.9999999999999987,1.4142135623730989,3.7899999999999965,1.2827314605949276
Variant II,Erdős–Rényi,LCF-active,False,0.00032862002849576299,0.00036954932279827096,0,0,0,0
Variant II,Erdős–Rényi,LCF-active,True,0.0080636164188384821,0.0060933914375208712,12.559999999999997,1.9895728184713435,10.989999999999998,1.7740913167027226
Variant II,Erdős–Rényi,LCF-full,False,0.00033547935485840342,0.00036893917214279707,0,0,0,0
Variant II,Erdős–Rényi,LCF-full,True,0.0080645397901535354,0.006095638406844588,12.639999999999995,2.0450916849862737,11.049999999999997,1.8102486017119306
Variant II,Watts–Strogatz,Baseline,False,0.0010044103351756427,1.174943966659975e-05,0,0,0,0
Variant II,Watts–Strogatz,Baseline,True,0.0025896296598074686,0.0019399167669708691,0.48000000000000115,0.37094473981982701,0.24000000000000057,0.19849433241279138
Variant II,Watts–Strogatz,DP,False,0.00083396636192549782,2.8764279379027636e-07,0,0,0,0
Variant II,Watts–Strogatz,DP,True,0.015903530922014686,0.013897768205160537,2.3999999999999986,2.5298221281347022,2.9800000000000009,1.9260321908005591
Variant II,Watts–Strogatz,EO,False,0.00045548125220722379,8.5241699242314841e-08,0,0,0,0
Variant II,Watts–Strogatz,EO,True,0.011559474921221991,0.0043725285426805434,1.8800000000000012,0.72221880341071254,3.5899999999999963,0.51127292124656787
Variant II,Watts–Strogatz,LCF-active,False,0.00032806279659272077,0.00036979230317560764,0,0,0,0
Variant II,Watts–Strogatz,LCF-active,True,0.0032669975042343368,0.0024218302678650321,11.919999999999998,0.79598994968529513,10.529999999999998,0.70469851709791287
Variant II,Watts–Strogatz,LCF-full,False,0.00033575098514557753,0.00036858035601575629,0,0,0,0
Variant II,Watts–Strogatz,LCF-full,True,0.0032686282157897927,0.0024240878662700267,11.999999999999996,0.91214034007930722,10.569999999999997,0.75405570086035212
